BA Code,Timestamp (Hour Ending),Local Date,Hour Number,Demand (MWh),Demand Forecast (MWh),Net Generation (MWh),Total Interchange (MWh)
SWPP,2/1/2021 12 a.m. CST,2/1/2021,0,29026,29876,28945,-82
SWPP,2/1/2021 1 a.m. CST,2/1/2021,1,28662,29518,28580,-82
SWPP,2/1/2021 2 a.m. CST,2/1/2021,2,28530,29451,28446,-84
SWPP,2/1/2021 3 a.m. CST,2/1/2021,3,28597,29661,28492,-106
SWPP,2/1/2021 4 a.m. CST,2/1/2021,4,28783,29912,28594,-189
SWPP,2/1/2021 5 a.m. CST,2/1/2021,5,29485,30482,29220,-265
SWPP,2/1/2021 6 a.m. CST,2/1/2021,6,30953,31757,30599,-354
SWPP,2/1/2021 7 a.m. CST,2/1/2021,7,33224,33902,32514,-710
SWPP,2/1/2021 8 a.m. CST,2/1/2021,8,34740,35390,34491,-249
SWPP,2/1/2021 9 a.m. CST,2/1/2021,9,34678,35520,34350,-328
SWPP,2/1/2021 10 a.m. CST,2/1/2021,10,34190,35508,33725,-465
SWPP,2/1/2021 11 a.m. CST,2/1/2021,11,33486,35061,33057,-428
SWPP,2/1/2021 12 p.m. CST,2/1/2021,12,32613,34337,32167,-446
SWPP,2/1/2021 1 p.m. CST,2/1/2021,13,31730,33787,31525,-205
SWPP,2/1/2021 2 p.m. CST,2/1/2021,14,30957,33095,30938,-20
SWPP,2/1/2021 3 p.m. CST,2/1/2021,15,30232,32389,30231,-1
SWPP,2/1/2021 4 p.m. CST,2/1/2021,16,29700,31996,29563,-137
SWPP,2/1/2021 5 p.m. CST,2/1/2021,17,29689,32159,29558,-130
SWPP,2/1/2021 6 p.m. CST,2/1/2021,18,30703,33107,30825,122
SWPP,2/1/2021 7 p.m. CST,2/1/2021,19,32444,33896,32789,345
SWPP,2/1/2021 8 p.m. CST,2/1/2021,20,32576,34068,33005,429
SWPP,2/1/2021 9 p.m. CST,2/1/2021,21,32440,33745,33090,650
SWPP,2/1/2021 10 p.m. CST,2/1/2021,22,31874,32850,32615,741
SWPP,2/1/2021 11 p.m. CST,2/1/2021,23,30852,31724,31695,843
SWPP,2/2/2021 12 a.m. CST,2/2/2021,0,29917,30742,30709,792
SWPP,2/2/2021 1 a.m. CST,2/2/2021,1,29316,28953,29876,561
SWPP,2/2/2021 2 a.m. CST,2/2/2021,2,29104,28725,30082,978
SWPP,2/2/2021 3 a.m. CST,2/2/2021,3,29174,28704,30079,905
SWPP,2/2/2021 4 a.m. CST,2/2/2021,4,29394,28902,30065,670
SWPP,2/2/2021 5 a.m. CST,2/2/2021,5,29923,29471,30464,541
SWPP,2/2/2021 6 a.m. CST,2/2/2021,6,31188,30764,31580,392
SWPP,2/2/2021 7 a.m. CST,2/2/2021,7,33349,32845,33138,-211
SWPP,2/2/2021 8 a.m. CST,2/2/2021,8,34643,34196,34194,-449
SWPP,2/2/2021 9 a.m. CST,2/2/2021,9,34473,34080,33459,-1014
SWPP,2/2/2021 10 a.m. CST,2/2/2021,10,33791,33477,32751,-1040
SWPP,2/2/2021 11 a.m. CST,2/2/2021,11,33018,32768,31717,-1301
SWPP,2/2/2021 12 p.m. CST,2/2/2021,12,32187,32000,31289,-898
SWPP,2/2/2021 1 p.m. CST,2/2/2021,13,31137,31205,30761,-376
SWPP,2/2/2021 2 p.m. CST,2/2/2021,14,30231,30573,29792,-439
SWPP,2/2/2021 3 p.m. CST,2/2/2021,15,29490,30010,29231,-259
SWPP,2/2/2021 4 p.m. CST,2/2/2021,16,28965,29671,28641,-324
SWPP,2/2/2021 5 p.m. CST,2/2/2021,17,29052,29840,28698,-354
SWPP,2/2/2021 6 p.m. CST,2/2/2021,18,29819,30749,29854,35
SWPP,2/2/2021 7 p.m. CST,2/2/2021,19,31318,31667,31772,454
SWPP,2/2/2021 8 p.m. CST,2/2/2021,20,31522,31576,32023,501
SWPP,2/2/2021 9 p.m. CST,2/2/2021,21,31379,31280,31880,502
SWPP,2/2/2021 10 p.m. CST,2/2/2021,22,30745,30618,31327,582
SWPP,2/2/2021 11 p.m. CST,2/2/2021,23,29775,29522,30439,664
SWPP,2/3/2021 12 a.m. CST,2/3/2021,0,28941,28542,29808,867
SWPP,2/3/2021 1 a.m. CST,2/3/2021,1,28504,28105,29376,872
SWPP,2/3/2021 2 a.m. CST,2/3/2021,2,28314,27847,29159,846
SWPP,2/3/2021 3 a.m. CST,2/3/2021,3,28350,27780,29227,878
SWPP,2/3/2021 4 a.m. CST,2/3/2021,4,28453,27887,29130,677
SWPP,2/3/2021 5 a.m. CST,2/3/2021,5,29079,28423,29653,573
SWPP,2/3/2021 6 a.m. CST,2/3/2021,6,30503,29705,31141,638
SWPP,2/3/2021 7 a.m. CST,2/3/2021,7,32752,31743,33010,258
SWPP,2/3/2021 8 a.m. CST,2/3/2021,8,34000,33034,34477,477
SWPP,2/3/2021 9 a.m. CST,2/3/2021,9,33538,32931,33381,-157
SWPP,2/3/2021 10 a.m. CST,2/3/2021,10,32420,32417,32150,-271
SWPP,2/3/2021 11 a.m. CST,2/3/2021,11,31495,31794,31123,-372
SWPP,2/3/2021 12 p.m. CST,2/3/2021,12,30639,31058,30136,-503
SWPP,2/3/2021 1 p.m. CST,2/3/2021,13,29756,30328,29550,-206
SWPP,2/3/2021 2 p.m. CST,2/3/2021,14,29123,29736,29106,-17
SWPP,2/3/2021 3 p.m. CST,2/3/2021,15,28699,29217,28902,202
SWPP,2/3/2021 4 p.m. CST,2/3/2021,16,28468,28864,28882,414
SWPP,2/3/2021 5 p.m. CST,2/3/2021,17,28688,28976,29200,512
SWPP,2/3/2021 6 p.m. CST,2/3/2021,18,29319,29682,29650,331
SWPP,2/3/2021 7 p.m. CST,2/3/2021,19,30521,30462,31258,736
SWPP,2/3/2021 8 p.m. CST,2/3/2021,20,30559,30304,31491,932
SWPP,2/3/2021 9 p.m. CST,2/3/2021,21,30157,29945,30880,723
SWPP,2/3/2021 10 p.m. CST,2/3/2021,22,29479,29168,30298,819
SWPP,2/3/2021 11 p.m. CST,2/3/2021,23,28327,28007,29288,962
SWPP,2/4/2021 12 a.m. CST,2/4/2021,0,27228,26939,28322,1095
SWPP,2/4/2021 1 a.m. CST,2/4/2021,1,26594,27499,27722,1127
SWPP,2/4/2021 2 a.m. CST,2/4/2021,2,26263,27280,27426,1163
SWPP,2/4/2021 3 a.m. CST,2/4/2021,3,26096,27311,27329,1233
SWPP,2/4/2021 4 a.m. CST,2/4/2021,4,26171,27345,27203,1031
SWPP,2/4/2021 5 a.m. CST,2/4/2021,5,26632,27735,27920,1288
SWPP,2/4/2021 6 a.m. CST,2/4/2021,6,27938,28787,29128,1190
SWPP,2/4/2021 7 a.m. CST,2/4/2021,7,29954,30699,30945,991
SWPP,2/4/2021 8 a.m. CST,2/4/2021,8,31417,32043,32052,635
SWPP,2/4/2021 9 a.m. CST,2/4/2021,9,31971,32340,32252,281
SWPP,2/4/2021 10 a.m. CST,2/4/2021,10,32281,32778,32517,236
SWPP,2/4/2021 11 a.m. CST,2/4/2021,11,32288,32944,32388,101
SWPP,2/4/2021 12 p.m. CST,2/4/2021,12,32166,32785,32368,203
SWPP,2/4/2021 1 p.m. CST,2/4/2021,13,31890,32791,31932,42
SWPP,2/4/2021 2 p.m. CST,2/4/2021,14,31386,32623,30986,-400
SWPP,2/4/2021 3 p.m. CST,2/4/2021,15,30804,32352,30649,-155
SWPP,2/4/2021 4 p.m. CST,2/4/2021,16,30299,32189,29773,-526
SWPP,2/4/2021 5 p.m. CST,2/4/2021,17,30299,32439,29623,-676
SWPP,2/4/2021 6 p.m. CST,2/4/2021,18,30939,33188,30002,-936
SWPP,2/4/2021 7 p.m. CST,2/4/2021,19,32328,34023,31630,-698
SWPP,2/4/2021 8 p.m. CST,2/4/2021,20,32476,34130,31490,-987
SWPP,2/4/2021 9 p.m. CST,2/4/2021,21,32258,33754,31606,-652
SWPP,2/4/2021 10 p.m. CST,2/4/2021,22,31626,32824,31370,-256
SWPP,2/4/2021 11 p.m. CST,2/4/2021,23,30687,31738,30612,-75
SWPP,2/5/2021 12 a.m. CST,2/5/2021,0,29803,30764,29773,-30
SWPP,2/5/2021 1 a.m. CST,2/5/2021,1,29339,29366,29102,-237
SWPP,2/5/2021 2 a.m. CST,2/5/2021,2,29186,29237,28998,-188
SWPP,2/5/2021 3 a.m. CST,2/5/2021,3,29247,29318,29027,-220
SWPP,2/5/2021 4 a.m. CST,2/5/2021,4,29511,29539,29240,-271
SWPP,2/5/2021 5 a.m. CST,2/5/2021,5,30118,30161,29967,-150
SWPP,2/5/2021 6 a.m. CST,2/5/2021,6,31401,31496,30814,-587
SWPP,2/5/2021 7 a.m. CST,2/5/2021,7,33507,33662,32374,-1133
SWPP,2/5/2021 8 a.m. CST,2/5/2021,8,34788,35123,33496,-1292
SWPP,2/5/2021 9 a.m. CST,2/5/2021,9,34508,34897,33223,-1284
SWPP,2/5/2021 10 a.m. CST,2/5/2021,10,33786,34315,32469,-1317
SWPP,2/5/2021 11 a.m. CST,2/5/2021,11,33111,33685,31640,-1471
SWPP,2/5/2021 12 p.m. CST,2/5/2021,12,32349,33013,30641,-1708
SWPP,2/5/2021 1 p.m. CST,2/5/2021,13,31490,32163,30204,-1285
SWPP,2/5/2021 2 p.m. CST,2/5/2021,14,30776,31557,29763,-1013
SWPP,2/5/2021 3 p.m. CST,2/5/2021,15,29962,31088,29091,-872
SWPP,2/5/2021 4 p.m. CST,2/5/2021,16,29370,30674,28717,-654
SWPP,2/5/2021 5 p.m. CST,2/5/2021,17,29364,30738,28424,-941
SWPP,2/5/2021 6 p.m. CST,2/5/2021,18,29963,31488,29005,-958
SWPP,2/5/2021 7 p.m. CST,2/5/2021,19,31282,32244,30720,-562
SWPP,2/5/2021 8 p.m. CST,2/5/2021,20,31521,32129,31313,-208
SWPP,2/5/2021 9 p.m. CST,2/5/2021,21,31370,31901,31288,-82
SWPP,2/5/2021 10 p.m. CST,2/5/2021,22,31112,31333,31208,96
SWPP,2/5/2021 11 p.m. CST,2/5/2021,23,30419,30614,30606,186
SWPP,2/6/2021 12 a.m. CST,2/6/2021,0,29632,29756,30421,789
SWPP,2/6/2021 1 a.m. CST,2/6/2021,1,29084,29239,29905,821
SWPP,2/6/2021 2 a.m. CST,2/6/2021,2,28704,29057,29502,798
SWPP,2/6/2021 3 a.m. CST,2/6/2021,3,28602,29002,29523,921
SWPP,2/6/2021 4 a.m. CST,2/6/2021,4,28675,29093,29076,401
SWPP,2/6/2021 5 a.m. CST,2/6/2021,5,28955,29464,29101,145
SWPP,2/6/2021 6 a.m. CST,2/6/2021,6,29583,30130,29458,-125
SWPP,2/6/2021 7 a.m. CST,2/6/2021,7,30422,30935,30279,-144
SWPP,2/6/2021 8 a.m. CST,2/6/2021,8,31473,32095,31315,-158
SWPP,2/6/2021 9 a.m. CST,2/6/2021,9,32206,32721,32023,-183
SWPP,2/6/2021 10 a.m. CST,2/6/2021,10,32731,33228,32859,127
SWPP,2/6/2021 11 a.m. CST,2/6/2021,11,33027,33242,32815,-212
SWPP,2/6/2021 12 p.m. CST,2/6/2021,12,32873,33031,32399,-474
SWPP,2/6/2021 1 p.m. CST,2/6/2021,13,32551,32490,32094,-457
SWPP,2/6/2021 2 p.m. CST,2/6/2021,14,32133,31850,31819,-314
SWPP,2/6/2021 3 p.m. CST,2/6/2021,15,31763,31382,31410,-353
SWPP,2/6/2021 4 p.m. CST,2/6/2021,16,31648,31243,31139,-509
SWPP,2/6/2021 5 p.m. CST,2/6/2021,17,32075,31572,31655,-420
SWPP,2/6/2021 6 p.m. CST,2/6/2021,18,33008,32470,32338,-669
SWPP,2/6/2021 7 p.m. CST,2/6/2021,19,34026,33303,33813,-214
SWPP,2/6/2021 8 p.m. CST,2/6/2021,20,34108,33466,33772,-336
SWPP,2/6/2021 9 p.m. CST,2/6/2021,21,33866,33262,33538,-329
SWPP,2/6/2021 10 p.m. CST,2/6/2021,22,33491,32700,32888,-603
SWPP,2/6/2021 11 p.m. CST,2/6/2021,23,32773,31992,32210,-562
SWPP,2/7/2021 12 a.m. CST,2/7/2021,0,31995,31176,31487,-508
SWPP,2/7/2021 1 a.m. CST,2/7/2021,1,31430,31693,31143,-287
SWPP,2/7/2021 2 a.m. CST,2/7/2021,2,31253,31603,31022,-231
SWPP,2/7/2021 3 a.m. CST,2/7/2021,3,31086,31726,30109,-977
SWPP,2/7/2021 4 a.m. CST,2/7/2021,4,31121,31887,29278,-1843
SWPP,2/7/2021 5 a.m. CST,2/7/2021,5,31371,32176,29565,-1806
SWPP,2/7/2021 6 a.m. CST,2/7/2021,6,31814,32715,30017,-1797
SWPP,2/7/2021 7 a.m. CST,2/7/2021,7,32605,33487,30908,-1697
SWPP,2/7/2021 8 a.m. CST,2/7/2021,8,33496,34282,32254,-1242
SWPP,2/7/2021 9 a.m. CST,2/7/2021,9,34305,34836,32984,-1321
SWPP,2/7/2021 10 a.m. CST,2/7/2021,10,34925,35304,33659,-1265
SWPP,2/7/2021 11 a.m. CST,2/7/2021,11,35181,35044,33210,-1971
SWPP,2/7/2021 12 p.m. CST,2/7/2021,12,35006,34553,33386,-1620
SWPP,2/7/2021 1 p.m. CST,2/7/2021,13,34701,34242,33550,-1151
SWPP,2/7/2021 2 p.m. CST,2/7/2021,14,34329,33509,32845,-1483
SWPP,2/7/2021 3 p.m. CST,2/7/2021,15,33995,32810,32493,-1502
SWPP,2/7/2021 4 p.m. CST,2/7/2021,16,33996,32414,32176,-1819
SWPP,2/7/2021 5 p.m. CST,2/7/2021,17,34290,32664,32330,-1961
SWPP,2/7/2021 6 p.m. CST,2/7/2021,18,34568,33672,32698,-1870
SWPP,2/7/2021 7 p.m. CST,2/7/2021,19,34764,34677,32894,-1870
SWPP,2/7/2021 8 p.m. CST,2/7/2021,20,34772,34957,33329,-1443
SWPP,2/7/2021 9 p.m. CST,2/7/2021,21,34484,34504,33375,-1109
SWPP,2/7/2021 10 p.m. CST,2/7/2021,22,34165,33606,33144,-1021
SWPP,2/7/2021 11 p.m. CST,2/7/2021,23,33288,32550,31514,-1773
SWPP,2/8/2021 12 a.m. CST,2/8/2021,0,32257,31555,30261,-1996
SWPP,2/8/2021 1 a.m. CST,2/8/2021,1,31731,30342,30088,-1643
SWPP,2/8/2021 2 a.m. CST,2/8/2021,2,31462,30147,29902,-1560
SWPP,2/8/2021 3 a.m. CST,2/8/2021,3,31409,30165,29678,-1731
SWPP,2/8/2021 4 a.m. CST,2/8/2021,4,31690,30383,29675,-2015
SWPP,2/8/2021 5 a.m. CST,2/8/2021,5,32258,31005,30497,-1762
SWPP,2/8/2021 6 a.m. CST,2/8/2021,6,33617,32366,31882,-1735
SWPP,2/8/2021 7 a.m. CST,2/8/2021,7,35741,34480,33952,-1789
SWPP,2/8/2021 8 a.m. CST,2/8/2021,8,37158,36090,35408,-1751
SWPP,2/8/2021 9 a.m. CST,2/8/2021,9,37566,36211,34957,-2609
SWPP,2/8/2021 10 a.m. CST,2/8/2021,10,37848,36099,35169,-2678
SWPP,2/8/2021 11 a.m. CST,2/8/2021,11,37921,35803,35275,-2646
SWPP,2/8/2021 12 p.m. CST,2/8/2021,12,37694,35605,34743,-2951
SWPP,2/8/2021 1 p.m. CST,2/8/2021,13,37250,34984,34620,-2631
SWPP,2/8/2021 2 p.m. CST,2/8/2021,14,36856,34412,34619,-2237
SWPP,2/8/2021 3 p.m. CST,2/8/2021,15,36444,33659,34581,-1862
SWPP,2/8/2021 4 p.m. CST,2/8/2021,16,36228,33680,34261,-1968
SWPP,2/8/2021 5 p.m. CST,2/8/2021,17,36366,33784,34332,-2034
SWPP,2/8/2021 6 p.m. CST,2/8/2021,18,37106,34636,34373,-2732
SWPP,2/8/2021 7 p.m. CST,2/8/2021,19,38113,35814,35467,-2647
SWPP,2/8/2021 8 p.m. CST,2/8/2021,20,37965,35766,35328,-2637
SWPP,2/8/2021 9 p.m. CST,2/8/2021,21,37470,35179,34772,-2698
SWPP,2/8/2021 10 p.m. CST,2/8/2021,22,36570,34648,34258,-2312
SWPP,2/8/2021 11 p.m. CST,2/8/2021,23,35290,33481,33005,-2284
SWPP,2/9/2021 12 a.m. CST,2/9/2021,0,34324,32335,32381,-1942
SWPP,2/9/2021 1 a.m. CST,2/9/2021,1,33766,32533,31818,-1948
SWPP,2/9/2021 2 a.m. CST,2/9/2021,2,33533,32394,31570,-1963
SWPP,2/9/2021 3 a.m. CST,2/9/2021,3,33504,32483,31349,-2154
SWPP,2/9/2021 4 a.m. CST,2/9/2021,4,33661,32660,31578,-2082
SWPP,2/9/2021 5 a.m. CST,2/9/2021,5,34127,32978,31998,-2130
SWPP,2/9/2021 6 a.m. CST,2/9/2021,6,35379,34264,32975,-2404
SWPP,2/9/2021 7 a.m. CST,2/9/2021,7,37335,36726,34636,-2699
SWPP,2/9/2021 8 a.m. CST,2/9/2021,8,38637,38135,36170,-2467
SWPP,2/9/2021 9 a.m. CST,2/9/2021,9,38885,38249,36892,-1993
SWPP,2/9/2021 10 a.m. CST,2/9/2021,10,38947,38331,36729,-2217
SWPP,2/9/2021 11 a.m. CST,2/9/2021,11,39022,38081,37092,-1930
SWPP,2/9/2021 12 p.m. CST,2/9/2021,12,38462,37268,37033,-1429
SWPP,2/9/2021 1 p.m. CST,2/9/2021,13,37905,36838,36786,-1119
SWPP,2/9/2021 2 p.m. CST,2/9/2021,14,37409,36370,36209,-1199
SWPP,2/9/2021 3 p.m. CST,2/9/2021,15,37047,35661,35600,-1447
SWPP,2/9/2021 4 p.m. CST,2/9/2021,16,36819,35197,35393,-1426
SWPP,2/9/2021 5 p.m. CST,2/9/2021,17,36997,35313,35450,-1547
SWPP,2/9/2021 6 p.m. CST,2/9/2021,18,37705,36034,35752,-1953
SWPP,2/9/2021 7 p.m. CST,2/9/2021,19,38666,37077,36784,-1882
SWPP,2/9/2021 8 p.m. CST,2/9/2021,20,38471,37150,36474,-1997
SWPP,2/9/2021 9 p.m. CST,2/9/2021,21,37889,36585,36347,-1542
SWPP,2/9/2021 10 p.m. CST,2/9/2021,22,36858,35507,35514,-1345
SWPP,2/9/2021 11 p.m. CST,2/9/2021,23,35492,34152,34552,-940
SWPP,2/10/2021 12 a.m. CST,2/10/2021,0,34380,32849,33359,-1021
SWPP,2/10/2021 1 a.m. CST,2/10/2021,1,33781,33376,31900,-1881
SWPP,2/10/2021 2 a.m. CST,2/10/2021,2,33448,33129,31680,-1768
SWPP,2/10/2021 3 a.m. CST,2/10/2021,3,33419,33152,31367,-2052
SWPP,2/10/2021 4 a.m. CST,2/10/2021,4,33529,33199,31562,-1967
SWPP,2/10/2021 5 a.m. CST,2/10/2021,5,33988,33663,31937,-2052
SWPP,2/10/2021 6 a.m. CST,2/10/2021,6,35148,34865,33046,-2102
SWPP,2/10/2021 7 a.m. CST,2/10/2021,7,36992,37048,34164,-2828
SWPP,2/10/2021 8 a.m. CST,2/10/2021,8,38408,38425,36120,-2288
SWPP,2/10/2021 9 a.m. CST,2/10/2021,9,38748,38583,36529,-2219
SWPP,2/10/2021 10 a.m. CST,2/10/2021,10,38899,38795,37031,-1868
SWPP,2/10/2021 11 a.m. CST,2/10/2021,11,38869,38672,37055,-1814
SWPP,2/10/2021 12 p.m. CST,2/10/2021,12,38587,38171,37256,-1332
SWPP,2/10/2021 1 p.m. CST,2/10/2021,13,38300,37786,37332,-968
SWPP,2/10/2021 2 p.m. CST,2/10/2021,14,38094,37361,37338,-756
SWPP,2/10/2021 3 p.m. CST,2/10/2021,15,37795,36777,36879,-916
SWPP,2/10/2021 4 p.m. CST,2/10/2021,16,37734,36416,36694,-1040
SWPP,2/10/2021 5 p.m. CST,2/10/2021,17,38079,36629,36850,-1228
SWPP,2/10/2021 6 p.m. CST,2/10/2021,18,38800,37209,37177,-1623
SWPP,2/10/2021 7 p.m. CST,2/10/2021,19,39694,38232,37874,-1820
SWPP,2/10/2021 8 p.m. CST,2/10/2021,20,39551,38279,37533,-2018
SWPP,2/10/2021 9 p.m. CST,2/10/2021,21,38976,37800,36814,-2162
SWPP,2/10/2021 10 p.m. CST,2/10/2021,22,38003,36714,36303,-1700
SWPP,2/10/2021 11 p.m. CST,2/10/2021,23,36744,35471,34760,-1985
SWPP,2/11/2021 12 a.m. CST,2/11/2021,0,35742,34360,33138,-2604
SWPP,2/11/2021 1 a.m. CST,2/11/2021,1,35222,34617,31991,-3231
SWPP,2/11/2021 2 a.m. CST,2/11/2021,2,34946,34424,31666,-3280
SWPP,2/11/2021 3 a.m. CST,2/11/2021,3,34875,34488,31135,-3741
SWPP,2/11/2021 4 a.m. CST,2/11/2021,4,35079,34716,31822,-3257
SWPP,2/11/2021 5 a.m. CST,2/11/2021,5,35569,35166,31971,-3598
SWPP,2/11/2021 6 a.m. CST,2/11/2021,6,36706,36287,33297,-3408
SWPP,2/11/2021 7 a.m. CST,2/11/2021,7,38642,38468,34643,-3999
SWPP,2/11/2021 8 a.m. CST,2/11/2021,8,39950,39887,35952,-3998
SWPP,2/11/2021 9 a.m. CST,2/11/2021,9,40360,40114,37076,-3284
SWPP,2/11/2021 10 a.m. CST,2/11/2021,10,40529,40354,37613,-2916
SWPP,2/11/2021 11 a.m. CST,2/11/2021,11,40506,40488,38256,-2250
SWPP,2/11/2021 12 p.m. CST,2/11/2021,12,40198,40116,38101,-2098
SWPP,2/11/2021 1 p.m. CST,2/11/2021,13,39712,39702,37966,-1746
SWPP,2/11/2021 2 p.m. CST,2/11/2021,14,39333,39207,38152,-1181
SWPP,2/11/2021 3 p.m. CST,2/11/2021,15,38906,38653,37691,-1215
SWPP,2/11/2021 4 p.m. CST,2/11/2021,16,38736,38262,37419,-1317
SWPP,2/11/2021 5 p.m. CST,2/11/2021,17,38994,38474,37557,-1438
SWPP,2/11/2021 6 p.m. CST,2/11/2021,18,39676,38950,37580,-2097
SWPP,2/11/2021 7 p.m. CST,2/11/2021,19,40675,39994,38291,-2384
SWPP,2/11/2021 8 p.m. CST,2/11/2021,20,40588,40254,38094,-2494
SWPP,2/11/2021 9 p.m. CST,2/11/2021,21,40187,39480,37780,-2407
SWPP,2/11/2021 10 p.m. CST,2/11/2021,22,39323,38360,37117,-2207
SWPP,2/11/2021 11 p.m. CST,2/11/2021,23,38179,37017,36010,-2169
SWPP,2/12/2021 12 a.m. CST,2/12/2021,0,37274,35980,34536,-2738
SWPP,2/12/2021 1 a.m. CST,2/12/2021,1,36665,34703,33942,-2723
SWPP,2/12/2021 2 a.m. CST,2/12/2021,2,36441,34515,33579,-2862
SWPP,2/12/2021 3 a.m. CST,2/12/2021,3,36422,34507,33438,-2983
SWPP,2/12/2021 4 a.m. CST,2/12/2021,4,36614,34651,33573,-3041
SWPP,2/12/2021 5 a.m. CST,2/12/2021,5,37173,34998,33989,-3183
SWPP,2/12/2021 6 a.m. CST,2/12/2021,6,38273,36138,35196,-3078
SWPP,2/12/2021 7 a.m. CST,2/12/2021,7,40077,38703,36843,-3234
SWPP,2/12/2021 8 a.m. CST,2/12/2021,8,41383,40470,37921,-3462
SWPP,2/12/2021 9 a.m. CST,2/12/2021,9,41805,40712,38920,-2885
SWPP,2/12/2021 10 a.m. CST,2/12/2021,10,41942,40642,39060,-2882
SWPP,2/12/2021 11 a.m. CST,2/12/2021,11,41859,40870,38546,-3313
SWPP,2/12/2021 12 p.m. CST,2/12/2021,12,41518,40664,38271,-3247
SWPP,2/12/2021 1 p.m. CST,2/12/2021,13,41060,39612,38285,-2775
SWPP,2/12/2021 2 p.m. CST,2/12/2021,14,40712,38998,38134,-2579
SWPP,2/12/2021 3 p.m. CST,2/12/2021,15,40282,38551,37787,-2495
SWPP,2/12/2021 4 p.m. CST,2/12/2021,16,40044,38069,37283,-2761
SWPP,2/12/2021 5 p.m. CST,2/12/2021,17,40271,38236,37346,-2924
SWPP,2/12/2021 6 p.m. CST,2/12/2021,18,40727,38316,37642,-3085
SWPP,2/12/2021 7 p.m. CST,2/12/2021,19,41608,39304,38685,-2923
SWPP,2/12/2021 8 p.m. CST,2/12/2021,20,41404,39211,39120,-2284
SWPP,2/12/2021 9 p.m. CST,2/12/2021,21,40935,38506,39053,-1882
SWPP,2/12/2021 10 p.m. CST,2/12/2021,22,40174,38021,38657,-1517
SWPP,2/12/2021 11 p.m. CST,2/12/2021,23,39180,37252,37556,-1624
SWPP,2/13/2021 12 a.m. CST,2/13/2021,0,38269,36418,36733,-1537
SWPP,2/13/2021 1 a.m. CST,2/13/2021,1,37586,36606,35585,-2001
SWPP,2/13/2021 2 a.m. CST,2/13/2021,2,37282,36513,34796,-2485
SWPP,2/13/2021 3 a.m. CST,2/13/2021,3,37157,36239,34905,-2252
SWPP,2/13/2021 4 a.m. CST,2/13/2021,4,37133,36016,34972,-2161
SWPP,2/13/2021 5 a.m. CST,2/13/2021,5,37352,35973,35466,-1887
SWPP,2/13/2021 6 a.m. CST,2/13/2021,6,37900,36420,35756,-2144
SWPP,2/13/2021 7 a.m. CST,2/13/2021,7,38805,37400,36386,-2420
SWPP,2/13/2021 8 a.m. CST,2/13/2021,8,39547,38957,37653,-1894
SWPP,2/13/2021 9 a.m. CST,2/13/2021,9,40282,40016,38279,-2003
SWPP,2/13/2021 10 a.m. CST,2/13/2021,10,40481,41118,38118,-2363
SWPP,2/13/2021 11 a.m. CST,2/13/2021,11,40179,41557,36691,-3488
SWPP,2/13/2021 12 p.m. CST,2/13/2021,12,39537,41143,36061,-3476
SWPP,2/13/2021 1 p.m. CST,2/13/2021,13,38639,40201,35880,-2759
SWPP,2/13/2021 2 p.m. CST,2/13/2021,14,37867,39296,35403,-2464
SWPP,2/13/2021 3 p.m. CST,2/13/2021,15,37308,38890,35158,-2150
SWPP,2/13/2021 4 p.m. CST,2/13/2021,16,37060,39354,35138,-1922
SWPP,2/13/2021 5 p.m. CST,2/13/2021,17,37496,39911,35723,-1773
SWPP,2/13/2021 6 p.m. CST,2/13/2021,18,38626,40206,36401,-2225
SWPP,2/13/2021 7 p.m. CST,2/13/2021,19,40134,40830,37864,-2270
SWPP,2/13/2021 8 p.m. CST,2/13/2021,20,40403,40513,38354,-2049
SWPP,2/13/2021 9 p.m. CST,2/13/2021,21,40292,39645,38416,-1876
SWPP,2/13/2021 10 p.m. CST,2/13/2021,22,39853,38729,38566,-1287
SWPP,2/13/2021 11 p.m. CST,2/13/2021,23,39132,38031,38378,-753
SWPP,2/14/2021 12 a.m. CST,2/14/2021,0,38436,37345,38045,-391
SWPP,2/14/2021 1 a.m. CST,2/14/2021,1,37997,37624,37434,-563
SWPP,2/14/2021 2 a.m. CST,2/14/2021,2,37797,37528,36510,-1287
SWPP,2/14/2021 3 a.m. CST,2/14/2021,3,37773,37573,36543,-1230
SWPP,2/14/2021 4 a.m. CST,2/14/2021,4,37781,37726,36499,-1281
SWPP,2/14/2021 5 a.m. CST,2/14/2021,5,37978,37807,36713,-1265
SWPP,2/14/2021 6 a.m. CST,2/14/2021,6,38466,38231,37284,-1182
SWPP,2/14/2021 7 a.m. CST,2/14/2021,7,39181,39100,37321,-1860
SWPP,2/14/2021 8 a.m. CST,2/14/2021,8,39816,39967,38201,-1615
SWPP,2/14/2021 9 a.m. CST,2/14/2021,9,40661,40929,38585,-2076
SWPP,2/14/2021 10 a.m. CST,2/14/2021,10,41353,42134,39020,-2333
SWPP,2/14/2021 11 a.m. CST,2/14/2021,11,41585,42445,39152,-2433
SWPP,2/14/2021 12 p.m. CST,2/14/2021,12,41602,42375,39324,-2278
SWPP,2/14/2021 1 p.m. CST,2/14/2021,13,41422,42582,38811,-2612
SWPP,2/14/2021 2 p.m. CST,2/14/2021,14,41059,42374,37759,-3300
SWPP,2/14/2021 3 p.m. CST,2/14/2021,15,40754,42085,36987,-3768
SWPP,2/14/2021 4 p.m. CST,2/14/2021,16,40728,41902,37320,-3408
SWPP,2/14/2021 5 p.m. CST,2/14/2021,17,41199,42444,38223,-2976
SWPP,2/14/2021 6 p.m. CST,2/14/2021,18,42176,43027,38376,-3800
SWPP,2/14/2021 7 p.m. CST,2/14/2021,19,43202,43835,39345,-3857
SWPP,2/14/2021 8 p.m. CST,2/14/2021,20,43062,43753,38948,-4114
SWPP,2/14/2021 9 p.m. CST,2/14/2021,21,42647,43061,38035,-4612
SWPP,2/14/2021 10 p.m. CST,2/14/2021,22,41984,41901,38739,-3244
SWPP,2/14/2021 11 p.m. CST,2/14/2021,23,41068,40667,38066,-3002
SWPP,2/15/2021 12 a.m. CST,2/15/2021,0,40208,39761,36581,-3627
SWPP,2/15/2021 1 a.m. CST,2/15/2021,1,39768,40388,35796,-3972
SWPP,2/15/2021 2 a.m. CST,2/15/2021,2,39584,40864,35808,-3776
SWPP,2/15/2021 3 a.m. CST,2/15/2021,3,39594,40576,35281,-4313
SWPP,2/15/2021 4 a.m. CST,2/15/2021,4,39695,40115,35965,-3731
SWPP,2/15/2021 5 a.m. CST,2/15/2021,5,40077,38825,35436,-4640
SWPP,2/15/2021 6 a.m. CST,2/15/2021,6,40745,39274,35835,-4909
SWPP,2/15/2021 7 a.m. CST,2/15/2021,7,42124,41911,37079,-5046
SWPP,2/15/2021 8 a.m. CST,2/15/2021,8,43010,44281,37535,-5474
SWPP,2/15/2021 9 a.m. CST,2/15/2021,9,43476,44959,37585,-5891
SWPP,2/15/2021 10 a.m. CST,2/15/2021,10,43469,45671,38683,-4786
SWPP,2/15/2021 11 a.m. CST,2/15/2021,11,43231,45680,39246,-3984
SWPP,2/15/2021 12 p.m. CST,2/15/2021,12,42746,45204,37883,-4863
SWPP,2/15/2021 1 p.m. CST,2/15/2021,13,41504,44848,38027,-3477
SWPP,2/15/2021 2 p.m. CST,2/15/2021,14,40854,43062,35829,-5025
SWPP,2/15/2021 3 p.m. CST,2/15/2021,15,40212,42232,35434,-4778
SWPP,2/15/2021 4 p.m. CST,2/15/2021,16,39779,42134,35810,-3968
SWPP,2/15/2021 5 p.m. CST,2/15/2021,17,39844,42684,35118,-4725
SWPP,2/15/2021 6 p.m. CST,2/15/2021,18,40771,43378,36499,-4273
SWPP,2/15/2021 7 p.m. CST,2/15/2021,19,42258,43936,37793,-4465
SWPP,2/15/2021 8 p.m. CST,2/15/2021,20,42426,44021,37267,-5159
SWPP,2/15/2021 9 p.m. CST,2/15/2021,21,42045,43599,37408,-4637
SWPP,2/15/2021 10 p.m. CST,2/15/2021,22,41402,43026,37184,-4219
SWPP,2/15/2021 11 p.m. CST,2/15/2021,23,40495,42865,36723,-3773
SWPP,2/16/2021 12 a.m. CST,2/16/2021,0,39839,42173,36011,-3828
SWPP,2/16/2021 1 a.m. CST,2/16/2021,1,39558,41649,34802,-4757
SWPP,2/16/2021 2 a.m. CST,2/16/2021,2,39667,41529,35502,-4165
SWPP,2/16/2021 3 a.m. CST,2/16/2021,3,39836,41656,35722,-4115
SWPP,2/16/2021 4 a.m. CST,2/16/2021,4,40016,41941,35820,-4195
SWPP,2/16/2021 5 a.m. CST,2/16/2021,5,40404,42312,35107,-5297
SWPP,2/16/2021 6 a.m. CST,2/16/2021,6,41223,43338,35747,-5476
SWPP,2/16/2021 7 a.m. CST,2/16/2021,7,42314,45246,37499,-4814
SWPP,2/16/2021 8 a.m. CST,2/16/2021,8,40692,46416,38415,-2278
SWPP,2/16/2021 9 a.m. CST,2/16/2021,9,39482,46579,36913,-2569
SWPP,2/16/2021 10 a.m. CST,2/16/2021,10,38857,46423,35922,-2935
SWPP,2/16/2021 11 a.m. CST,2/16/2021,11,39590,45706,36590,-3000
SWPP,2/16/2021 12 p.m. CST,2/16/2021,12,39311,44486,35123,-4188
SWPP,2/16/2021 1 p.m. CST,2/16/2021,13,38352,43757,33640,-4712
SWPP,2/16/2021 2 p.m. CST,2/16/2021,14,37705,42414,33595,-4111
SWPP,2/16/2021 3 p.m. CST,2/16/2021,15,37148,42122,33851,-3297
SWPP,2/16/2021 4 p.m. CST,2/16/2021,16,36776,41535,33811,-2965
SWPP,2/16/2021 5 p.m. CST,2/16/2021,17,37315,41708,34377,-2939
SWPP,2/16/2021 6 p.m. CST,2/16/2021,18,38475,42282,34985,-3489
SWPP,2/16/2021 7 p.m. CST,2/16/2021,19,39734,43570,36318,-3416
SWPP,2/16/2021 8 p.m. CST,2/16/2021,20,39410,43904,35392,-4018
SWPP,2/16/2021 9 p.m. CST,2/16/2021,21,38922,43340,35377,-3545
SWPP,2/16/2021 10 p.m. CST,2/16/2021,22,38129,42081,34639,-3490
SWPP,2/16/2021 11 p.m. CST,2/16/2021,23,37023,40721,33772,-3251
SWPP,2/17/2021 12 a.m. CST,2/17/2021,0,36196,39803,32406,-3790
SWPP,2/17/2021 1 a.m. CST,2/17/2021,1,35648,38243,31628,-4019
SWPP,2/17/2021 2 a.m. CST,2/17/2021,2,35309,37994,30949,-4360
SWPP,2/17/2021 3 a.m. CST,2/17/2021,3,35175,37871,30195,-4980
SWPP,2/17/2021 4 a.m. CST,2/17/2021,4,35196,37892,30211,-4984
SWPP,2/17/2021 5 a.m. CST,2/17/2021,5,35504,38282,30497,-5007
SWPP,2/17/2021 6 a.m. CST,2/17/2021,6,36146,39309,31328,-4819
SWPP,2/17/2021 7 a.m. CST,2/17/2021,7,37358,41309,32139,-5220
SWPP,2/17/2021 8 a.m. CST,2/17/2021,8,38184,42628,32790,-5394
SWPP,2/17/2021 9 a.m. CST,2/17/2021,9,38280,42677,33550,-4730
SWPP,2/17/2021 10 a.m. CST,2/17/2021,10,38063,42828,33020,-5043
SWPP,2/17/2021 11 a.m. CST,2/17/2021,11,37348,41931,32284,-5064
SWPP,2/17/2021 12 p.m. CST,2/17/2021,12,36529,41658,32136,-4393
SWPP,2/17/2021 1 p.m. CST,2/17/2021,13,35646,40960,30997,-4649
SWPP,2/17/2021 2 p.m. CST,2/17/2021,14,34907,40441,30442,-4464
SWPP,2/17/2021 3 p.m. CST,2/17/2021,15,34490,39964,30480,-4010
SWPP,2/17/2021 4 p.m. CST,2/17/2021,16,34361,39468,30678,-3683
SWPP,2/17/2021 5 p.m. CST,2/17/2021,17,34645,39619,30631,-4013
SWPP,2/17/2021 6 p.m. CST,2/17/2021,18,35461,40030,30783,-4678
SWPP,2/17/2021 7 p.m. CST,2/17/2021,19,36566,40983,31912,-4654
SWPP,2/17/2021 8 p.m. CST,2/17/2021,20,36476,40820,31419,-5058
SWPP,2/17/2021 9 p.m. CST,2/17/2021,21,35985,40474,30950,-5035
SWPP,2/17/2021 10 p.m. CST,2/17/2021,22,35277,39408,31346,-3931
SWPP,2/17/2021 11 p.m. CST,2/17/2021,23,34429,38141,30331,-4098
SWPP,2/18/2021 12 a.m. CST,2/18/2021,0,33722,37083,29857,-3865
SWPP,2/18/2021 1 a.m. CST,2/18/2021,1,33320,35372,29490,-3830
SWPP,2/18/2021 2 a.m. CST,2/18/2021,2,33281,35291,30001,-3280
SWPP,2/18/2021 3 a.m. CST,2/18/2021,3,33288,35025,30899,-2389
SWPP,2/18/2021 4 a.m. CST,2/18/2021,4,33491,35204,31210,-2280
SWPP,2/18/2021 5 a.m. CST,2/18/2021,5,34046,36137,32029,-2016
SWPP,2/18/2021 6 a.m. CST,2/18/2021,6,35072,37011,32278,-2794
SWPP,2/18/2021 7 a.m. CST,2/18/2021,7,36682,38895,34011,-2671
SWPP,2/18/2021 8 a.m. CST,2/18/2021,8,37767,39576,35281,-2486
SWPP,2/18/2021 9 a.m. CST,2/18/2021,9,37638,39026,35927,-1711
SWPP,2/18/2021 10 a.m. CST,2/18/2021,10,36884,39174,35231,-1653
SWPP,2/18/2021 11 a.m. CST,2/18/2021,11,36140,38833,34727,-1413
SWPP,2/18/2021 12 p.m. CST,2/18/2021,12,35461,38227,34016,-1445
SWPP,2/18/2021 1 p.m. CST,2/18/2021,13,34755,37679,33005,-1751
SWPP,2/18/2021 2 p.m. CST,2/18/2021,14,34109,37085,32110,-1999
SWPP,2/18/2021 3 p.m. CST,2/18/2021,15,33475,36376,31968,-1507
SWPP,2/18/2021 4 p.m. CST,2/18/2021,16,33042,36061,31024,-2017
SWPP,2/18/2021 5 p.m. CST,2/18/2021,17,33288,36338,31710,-1579
SWPP,2/18/2021 6 p.m. CST,2/18/2021,18,34135,37161,32168,-1967
SWPP,2/18/2021 7 p.m. CST,2/18/2021,19,35892,38521,33186,-2706
SWPP,2/18/2021 8 p.m. CST,2/18/2021,20,36356,38679,32388,-3968
SWPP,2/18/2021 9 p.m. CST,2/18/2021,21,36229,38343,33126,-3102
SWPP,2/18/2021 10 p.m. CST,2/18/2021,22,35693,37642,32690,-3003
SWPP,2/18/2021 11 p.m. CST,2/18/2021,23,34774,36612,31790,-2983
SWPP,2/19/2021 12 a.m. CST,2/19/2021,0,34179,35790,31132,-3047
SWPP,2/19/2021 1 a.m. CST,2/19/2021,1,33908,35574,30650,-3259
SWPP,2/19/2021 2 a.m. CST,2/19/2021,2,33941,35582,31406,-2536
SWPP,2/19/2021 3 a.m. CST,2/19/2021,3,34134,35687,31362,-2772
SWPP,2/19/2021 4 a.m. CST,2/19/2021,4,34412,35989,32233,-2179
SWPP,2/19/2021 5 a.m. CST,2/19/2021,5,35042,36339,32739,-2303
SWPP,2/19/2021 6 a.m. CST,2/19/2021,6,36203,37224,33703,-2499
SWPP,2/19/2021 7 a.m. CST,2/19/2021,7,37892,39171,34946,-2947
SWPP,2/19/2021 8 a.m. CST,2/19/2021,8,38819,40539,35975,-2844
SWPP,2/19/2021 9 a.m. CST,2/19/2021,9,38194,39948,36056,-2138
SWPP,2/19/2021 10 a.m. CST,2/19/2021,10,36814,39362,34964,-1850
SWPP,2/19/2021 11 a.m. CST,2/19/2021,11,35569,38495,34172,-1397
SWPP,2/19/2021 12 p.m. CST,2/19/2021,12,34423,37518,33281,-1142
SWPP,2/19/2021 1 p.m. CST,2/19/2021,13,33413,36285,32988,-424
SWPP,2/19/2021 2 p.m. CST,2/19/2021,14,32635,35506,32969,334
SWPP,2/19/2021 3 p.m. CST,2/19/2021,15,31825,34780,32302,477
SWPP,2/19/2021 4 p.m. CST,2/19/2021,16,31421,34302,31802,381
SWPP,2/19/2021 5 p.m. CST,2/19/2021,17,31542,34388,31862,320
SWPP,2/19/2021 6 p.m. CST,2/19/2021,18,32169,35179,32403,234
SWPP,2/19/2021 7 p.m. CST,2/19/2021,19,33780,36370,34044,265
SWPP,2/19/2021 8 p.m. CST,2/19/2021,20,34337,36446,34558,221
SWPP,2/19/2021 9 p.m. CST,2/19/2021,21,34241,36198,34949,708
SWPP,2/19/2021 10 p.m. CST,2/19/2021,22,33664,35598,34550,886
SWPP,2/19/2021 11 p.m. CST,2/19/2021,23,32992,34849,34004,1011
SWPP,2/20/2021 12 a.m. CST,2/20/2021,0,32380,34012,33577,1196
SWPP,2/20/2021 1 a.m. CST,2/20/2021,1,32036,34302,32767,731
SWPP,2/20/2021 2 a.m. CST,2/20/2021,2,31998,34318,32876,878
SWPP,2/20/2021 3 a.m. CST,2/20/2021,3,32161,33969,32779,618
SWPP,2/20/2021 4 a.m. CST,2/20/2021,4,32334,33936,32594,260
SWPP,2/20/2021 5 a.m. CST,2/20/2021,5,32735,34235,32882,147
SWPP,2/20/2021 6 a.m. CST,2/20/2021,6,33411,34564,33285,-125
SWPP,2/20/2021 7 a.m. CST,2/20/2021,7,34435,35117,33694,-741
SWPP,2/20/2021 8 a.m. CST,2/20/2021,8,34978,35389,34074,-904
SWPP,2/20/2021 9 a.m. CST,2/20/2021,9,34662,35600,33318,-1344
SWPP,2/20/2021 10 a.m. CST,2/20/2021,10,33695,36025,32419,-1276
SWPP,2/20/2021 11 a.m. CST,2/20/2021,11,32564,35357,32039,-525
SWPP,2/20/2021 12 p.m. CST,2/20/2021,12,31482,34442,30890,-592
SWPP,2/20/2021 1 p.m. CST,2/20/2021,13,30342,33819,30337,-6
SWPP,2/20/2021 2 p.m. CST,2/20/2021,14,29412,32824,29645,232
SWPP,2/20/2021 3 p.m. CST,2/20/2021,15,28616,31992,29152,536
SWPP,2/20/2021 4 p.m. CST,2/20/2021,16,28108,31895,29092,985
SWPP,2/20/2021 5 p.m. CST,2/20/2021,17,28237,32174,29260,1023
SWPP,2/20/2021 6 p.m. CST,2/20/2021,18,29159,32902,30072,913
SWPP,2/20/2021 7 p.m. CST,2/20/2021,19,30705,33572,31576,870
SWPP,2/20/2021 8 p.m. CST,2/20/2021,20,31367,33696,31935,568
SWPP,2/20/2021 9 p.m. CST,2/20/2021,21,31330,33257,32105,775
SWPP,2/20/2021 10 p.m. CST,2/20/2021,22,30839,32580,30882,43
SWPP,2/20/2021 11 p.m. CST,2/20/2021,23,30164,31939,30195,31
SWPP,2/21/2021 12 a.m. CST,2/21/2021,0,29479,31279,29732,253
SWPP,2/21/2021 1 a.m. CST,2/21/2021,1,28997,30628,28723,-274
SWPP,2/21/2021 2 a.m. CST,2/21/2021,2,28626,30535,27703,-923
SWPP,2/21/2021 3 a.m. CST,2/21/2021,3,28493,30540,27638,-855
SWPP,2/21/2021 4 a.m. CST,2/21/2021,4,28524,30505,28075,-449
SWPP,2/21/2021 5 a.m. CST,2/21/2021,5,28617,30595,28115,-501
SWPP,2/21/2021 6 a.m. CST,2/21/2021,6,29057,30699,28993,-64
SWPP,2/21/2021 7 a.m. CST,2/21/2021,7,29849,31026,29494,-355
SWPP,2/21/2021 8 a.m. CST,2/21/2021,8,30229,31290,29180,-1050
SWPP,2/21/2021 9 a.m. CST,2/21/2021,9,30561,31707,29369,-1192
SWPP,2/21/2021 10 a.m. CST,2/21/2021,10,30688,32737,29717,-972
SWPP,2/21/2021 11 a.m. CST,2/21/2021,11,30584,32779,30161,-423
SWPP,2/21/2021 12 p.m. CST,2/21/2021,12,30195,32442,30376,181
SWPP,2/21/2021 1 p.m. CST,2/21/2021,13,29701,32463,29817,115
SWPP,2/21/2021 2 p.m. CST,2/21/2021,14,29091,31876,29172,81
SWPP,2/21/2021 3 p.m. CST,2/21/2021,15,28467,31330,28644,176
SWPP,2/21/2021 4 p.m. CST,2/21/2021,16,28076,31213,28043,-32
SWPP,2/21/2021 5 p.m. CST,2/21/2021,17,28190,31483,28103,-87
SWPP,2/21/2021 6 p.m. CST,2/21/2021,18,28791,31917,28431,-360
SWPP,2/21/2021 7 p.m. CST,2/21/2021,19,29979,32594,29257,-722
SWPP,2/21/2021 8 p.m. CST,2/21/2021,20,30444,32963,29656,-788
SWPP,2/21/2021 9 p.m. CST,2/21/2021,21,30211,32661,29160,-1051
SWPP,2/21/2021 10 p.m. CST,2/21/2021,22,29683,32045,28817,-866
SWPP,2/21/2021 11 p.m. CST,2/21/2021,23,28787,31277,27627,-1160
SWPP,2/22/2021 12 a.m. CST,2/22/2021,0,28004,30541,26811,-1192
SWPP,2/22/2021 1 a.m. CST,2/22/2021,1,27732,29643,26593,-1140
SWPP,2/22/2021 2 a.m. CST,2/22/2021,2,27745,29631,27488,-257
SWPP,2/22/2021 3 a.m. CST,2/22/2021,3,27993,29807,28140,147
SWPP,2/22/2021 4 a.m. CST,2/22/2021,4,28421,30085,28861,439
SWPP,2/22/2021 5 a.m. CST,2/22/2021,5,29211,30620,29897,686
SWPP,2/22/2021 6 a.m. CST,2/22/2021,6,30638,31772,31026,389
SWPP,2/22/2021 7 a.m. CST,2/22/2021,7,32942,33648,33009,67
SWPP,2/22/2021 8 a.m. CST,2/22/2021,8,33935,34618,33662,-274
SWPP,2/22/2021 9 a.m. CST,2/22/2021,9,33089,34402,32544,-544
SWPP,2/22/2021 10 a.m. CST,2/22/2021,10,31933,34158,32064,131
SWPP,2/22/2021 11 a.m. CST,2/22/2021,11,30959,33570,31138,179
SWPP,2/22/2021 12 p.m. CST,2/22/2021,12,30137,32730,30247,110
SWPP,2/22/2021 1 p.m. CST,2/22/2021,13,29248,32055,29122,-125
SWPP,2/22/2021 2 p.m. CST,2/22/2021,14,28603,31385,28501,-103
SWPP,2/22/2021 3 p.m. CST,2/22/2021,15,27971,30619,27784,-186
SWPP,2/22/2021 4 p.m. CST,2/22/2021,16,27485,30180,27319,-166
SWPP,2/22/2021 5 p.m. CST,2/22/2021,17,27432,30314,26963,-469
SWPP,2/22/2021 6 p.m. CST,2/22/2021,18,27821,31231,27449,-373
SWPP,2/22/2021 7 p.m. CST,2/22/2021,19,29079,32337,29060,-19
SWPP,2/22/2021 8 p.m. CST,2/22/2021,20,29708,32696,29887,180
SWPP,2/22/2021 9 p.m. CST,2/22/2021,21,29463,32412,29353,-111
SWPP,2/22/2021 10 p.m. CST,2/22/2021,22,28892,31639,28861,-31
SWPP,2/22/2021 11 p.m. CST,2/22/2021,23,27928,30668,27549,-379
SWPP,2/23/2021 12 a.m. CST,2/23/2021,0,27034,29734,26652,-381
SWPP,2/23/2021 1 a.m. CST,2/23/2021,1,26575,28793,26430,-146
SWPP,2/23/2021 2 a.m. CST,2/23/2021,2,26452,28810,25867,-585
SWPP,2/23/2021 3 a.m. CST,2/23/2021,3,26575,29067,25681,-894
SWPP,2/23/2021 4 a.m. CST,2/23/2021,4,26834,29371,25887,-947
SWPP,2/23/2021 5 a.m. CST,2/23/2021,5,27395,29903,25904,-1491
SWPP,2/23/2021 6 a.m. CST,2/23/2021,6,28828,31032,27783,-1046
SWPP,2/23/2021 7 a.m. CST,2/23/2021,7,31167,32857,30560,-608
SWPP,2/23/2021 8 a.m. CST,2/23/2021,8,32205,33675,31815,-390
SWPP,2/23/2021 9 a.m. CST,2/23/2021,9,31344,33237,31049,-295
SWPP,2/23/2021 10 a.m. CST,2/23/2021,10,30118,32649,29921,-197
SWPP,2/23/2021 11 a.m. CST,2/23/2021,11,29285,31934,29417,132
SWPP,2/23/2021 12 p.m. CST,2/23/2021,12,28641,31020,28598,-43
SWPP,2/23/2021 1 p.m. CST,2/23/2021,13,28152,30453,28618,467
SWPP,2/23/2021 2 p.m. CST,2/23/2021,14,27822,29886,28242,420
SWPP,2/23/2021 3 p.m. CST,2/23/2021,15,27521,29225,28208,686
SWPP,2/23/2021 4 p.m. CST,2/23/2021,16,27191,28878,28032,842
SWPP,2/23/2021 5 p.m. CST,2/23/2021,17,27044,29032,27653,608
SWPP,2/23/2021 6 p.m. CST,2/23/2021,18,27214,29733,27724,510
SWPP,2/23/2021 7 p.m. CST,2/23/2021,19,28232,30646,28599,367
SWPP,2/23/2021 8 p.m. CST,2/23/2021,20,28518,31054,28839,322
SWPP,2/23/2021 9 p.m. CST,2/23/2021,21,28152,30867,28567,415
SWPP,2/23/2021 10 p.m. CST,2/23/2021,22,27480,30100,28038,559
SWPP,2/23/2021 11 p.m. CST,2/23/2021,23,26356,29119,26802,445
SWPP,2/24/2021 12 a.m. CST,2/24/2021,0,25443,28176,26346,904
SWPP,2/24/2021 1 a.m. CST,2/24/2021,1,24899,25660,26159,1260
SWPP,2/24/2021 2 a.m. CST,2/24/2021,2,24695,25514,26253,1558
SWPP,2/24/2021 3 a.m. CST,2/24/2021,3,24688,25595,26453,1765
SWPP,2/24/2021 4 a.m. CST,2/24/2021,4,24935,25842,26398,1463
SWPP,2/24/2021 5 a.m. CST,2/24/2021,5,25466,26488,26865,1398
SWPP,2/24/2021 6 a.m. CST,2/24/2021,6,26760,27799,28076,1316
SWPP,2/24/2021 7 a.m. CST,2/24/2021,7,28967,29899,29873,906
SWPP,2/24/2021 8 a.m. CST,2/24/2021,8,30152,31068,30993,841
SWPP,2/24/2021 9 a.m. CST,2/24/2021,9,30051,30967,30707,657
SWPP,2/24/2021 10 a.m. CST,2/24/2021,10,29693,30662,30814,1120
SWPP,2/24/2021 11 a.m. CST,2/24/2021,11,29294,30387,30678,1384
SWPP,2/24/2021 12 p.m. CST,2/24/2021,12,28838,29911,29814,977
SWPP,2/24/2021 1 p.m. CST,2/24/2021,13,28351,29429,28611,260
SWPP,2/24/2021 2 p.m. CST,2/24/2021,14,28050,29132,28200,151
SWPP,2/24/2021 3 p.m. CST,2/24/2021,15,27744,28686,27791,47
SWPP,2/24/2021 4 p.m. CST,2/24/2021,16,27771,28479,27902,131
SWPP,2/24/2021 5 p.m. CST,2/24/2021,17,27816,28673,28103,287
SWPP,2/24/2021 6 p.m. CST,2/24/2021,18,28009,29510,28455,446
SWPP,2/24/2021 7 p.m. CST,2/24/2021,19,29086,30579,29346,260
SWPP,2/24/2021 8 p.m. CST,2/24/2021,20,29586,30881,29751,165
SWPP,2/24/2021 9 p.m. CST,2/24/2021,21,29443,30935,29933,490
SWPP,2/24/2021 10 p.m. CST,2/24/2021,22,28901,30380,29544,644
SWPP,2/24/2021 11 p.m. CST,2/24/2021,23,27870,29326,29059,1189
SWPP,2/25/2021 12 a.m. CST,2/25/2021,0,27011,28358,28063,1053
SWPP,2/25/2021 1 a.m. CST,2/25/2021,1,26646,28822,27716,1070
SWPP,2/25/2021 2 a.m. CST,2/25/2021,2,26519,28795,27832,1313
SWPP,2/25/2021 3 a.m. CST,2/25/2021,3,26639,29002,27379,740
SWPP,2/25/2021 4 a.m. CST,2/25/2021,4,26861,29226,27315,454
SWPP,2/25/2021 5 a.m. CST,2/25/2021,5,27479,29731,27995,516
SWPP,2/25/2021 6 a.m. CST,2/25/2021,6,28989,30860,29438,449
SWPP,2/25/2021 7 a.m. CST,2/25/2021,7,31400,32691,31622,222
SWPP,2/25/2021 8 a.m. CST,2/25/2021,8,32475,33684,32583,108
SWPP,2/25/2021 9 a.m. CST,2/25/2021,9,32263,33438,32290,28
SWPP,2/25/2021 10 a.m. CST,2/25/2021,10,31700,33271,31578,-122
SWPP,2/25/2021 11 a.m. CST,2/25/2021,11,31171,32964,31116,-55
SWPP,2/25/2021 12 p.m. CST,2/25/2021,12,30594,32371,30203,-390
SWPP,2/25/2021 1 p.m. CST,2/25/2021,13,29995,32012,29665,-330
SWPP,2/25/2021 2 p.m. CST,2/25/2021,14,29556,31610,29528,-27
SWPP,2/25/2021 3 p.m. CST,2/25/2021,15,29056,31008,28990,-66
SWPP,2/25/2021 4 p.m. CST,2/25/2021,16,28762,30678,28896,134
SWPP,2/25/2021 5 p.m. CST,2/25/2021,17,28939,30841,29075,136
SWPP,2/25/2021 6 p.m. CST,2/25/2021,18,29458,31704,29842,383
SWPP,2/25/2021 7 p.m. CST,2/25/2021,19,30597,32696,30959,362
SWPP,2/25/2021 8 p.m. CST,2/25/2021,20,31000,33177,31602,602
SWPP,2/25/2021 9 p.m. CST,2/25/2021,21,30720,32920,31211,491
SWPP,2/25/2021 10 p.m. CST,2/25/2021,22,30046,32106,30569,522
SWPP,2/25/2021 11 p.m. CST,2/25/2021,23,28993,31099,29150,157
SWPP,2/26/2021 12 a.m. CST,2/26/2021,0,28041,30112,27994,-47
SWPP,2/26/2021 1 a.m. CST,2/26/2021,1,27491,29071,27790,299
SWPP,2/26/2021 2 a.m. CST,2/26/2021,2,27327,28983,27342,15
SWPP,2/26/2021 3 a.m. CST,2/26/2021,3,27276,29123,27388,112
SWPP,2/26/2021 4 a.m. CST,2/26/2021,4,27403,29295,27523,121
SWPP,2/26/2021 5 a.m. CST,2/26/2021,5,27823,29725,28043,220
SWPP,2/26/2021 6 a.m. CST,2/26/2021,6,28974,30747,29571,597
SWPP,2/26/2021 7 a.m. CST,2/26/2021,7,31026,32577,31318,292
SWPP,2/26/2021 8 a.m. CST,2/26/2021,8,32008,33470,31895,-113
SWPP,2/26/2021 9 a.m. CST,2/26/2021,9,31938,33295,31523,-415
SWPP,2/26/2021 10 a.m. CST,2/26/2021,10,31583,33122,31030,-554
SWPP,2/26/2021 11 a.m. CST,2/26/2021,11,31043,32737,30052,-991
SWPP,2/26/2021 12 p.m. CST,2/26/2021,12,30442,32069,29643,-799
SWPP,2/26/2021 1 p.m. CST,2/26/2021,13,29872,31612,29167,-705
SWPP,2/26/2021 2 p.m. CST,2/26/2021,14,29450,31084,29081,-369
SWPP,2/26/2021 3 p.m. CST,2/26/2021,15,28932,30476,29322,390
SWPP,2/26/2021 4 p.m. CST,2/26/2021,16,28556,30029,28798,242
SWPP,2/26/2021 5 p.m. CST,2/26/2021,17,28815,30021,28963,148
SWPP,2/26/2021 6 p.m. CST,2/26/2021,18,28767,30506,28881,114
SWPP,2/26/2021 7 p.m. CST,2/26/2021,19,29255,31153,29585,330
SWPP,2/26/2021 8 p.m. CST,2/26/2021,20,29368,31489,29833,466
SWPP,2/26/2021 9 p.m. CST,2/26/2021,21,29079,31210,29285,206
SWPP,2/26/2021 10 p.m. CST,2/26/2021,22,28602,30575,28986,384
SWPP,2/26/2021 11 p.m. CST,2/26/2021,23,27870,29786,28247,377
SWPP,2/27/2021 12 a.m. CST,2/27/2021,0,27106,28973,27911,805
SWPP,2/27/2021 1 a.m. CST,2/27/2021,1,26575,28806,27479,904
SWPP,2/27/2021 2 a.m. CST,2/27/2021,2,26328,28758,27041,713
SWPP,2/27/2021 3 a.m. CST,2/27/2021,3,26267,28713,26985,717
SWPP,2/27/2021 4 a.m. CST,2/27/2021,4,26311,28812,27106,795
SWPP,2/27/2021 5 a.m. CST,2/27/2021,5,26577,29094,27253,676
SWPP,2/27/2021 6 a.m. CST,2/27/2021,6,27222,29651,27918,696
SWPP,2/27/2021 7 a.m. CST,2/27/2021,7,28257,30480,28964,706
SWPP,2/27/2021 8 a.m. CST,2/27/2021,8,28990,30979,29877,888
SWPP,2/27/2021 9 a.m. CST,2/27/2021,9,29554,31065,30602,1048
SWPP,2/27/2021 10 a.m. CST,2/27/2021,10,29557,30959,30395,838
SWPP,2/27/2021 11 a.m. CST,2/27/2021,11,29155,30397,29972,817
SWPP,2/27/2021 12 p.m. CST,2/27/2021,12,28547,29721,29633,1086
SWPP,2/27/2021 1 p.m. CST,2/27/2021,13,27873,29209,28975,1102
SWPP,2/27/2021 2 p.m. CST,2/27/2021,14,27352,28571,28381,1030
SWPP,2/27/2021 3 p.m. CST,2/27/2021,15,26964,27994,28099,1135
SWPP,2/27/2021 4 p.m. CST,2/27/2021,16,26918,27805,27887,969
SWPP,2/27/2021 5 p.m. CST,2/27/2021,17,27055,27995,27984,929
SWPP,2/27/2021 6 p.m. CST,2/27/2021,18,27391,28728,28065,674
SWPP,2/27/2021 7 p.m. CST,2/27/2021,19,28165,29418,29075,911
SWPP,2/27/2021 8 p.m. CST,2/27/2021,20,28189,29915,29201,1012
SWPP,2/27/2021 9 p.m. CST,2/27/2021,21,27782,29673,28909,1127
SWPP,2/27/2021 10 p.m. CST,2/27/2021,22,27148,29101,28271,1122
SWPP,2/27/2021 11 p.m. CST,2/27/2021,23,26395,28473,27666,1271
SWPP,2/28/2021 12 a.m. CST,2/28/2021,0,25352,27784,26508,1157
SWPP,2/28/2021 1 a.m. CST,2/28/2021,1,24806,26262,25605,799
SWPP,2/28/2021 2 a.m. CST,2/28/2021,2,24425,26085,25634,1209
SWPP,2/28/2021 3 a.m. CST,2/28/2021,3,24198,26064,26130,1932
SWPP,2/28/2021 4 a.m. CST,2/28/2021,4,24098,26187,26291,2193
SWPP,2/28/2021 5 a.m. CST,2/28/2021,5,24308,26478,26487,2179
SWPP,2/28/2021 6 a.m. CST,2/28/2021,6,24779,27002,26259,1480
SWPP,2/28/2021 7 a.m. CST,2/28/2021,7,25452,27939,26753,1301
SWPP,2/28/2021 8 a.m. CST,2/28/2021,8,26206,28585,27018,813
SWPP,2/28/2021 9 a.m. CST,2/28/2021,9,27100,28929,28031,931
SWPP,2/28/2021 10 a.m. CST,2/28/2021,10,27678,29320,28540,862
SWPP,2/28/2021 11 a.m. CST,2/28/2021,11,27807,29248,28253,446
SWPP,2/28/2021 12 p.m. CST,2/28/2021,12,27754,29113,28202,448
SWPP,2/28/2021 1 p.m. CST,2/28/2021,13,27611,28776,28148,537
SWPP,2/28/2021 2 p.m. CST,2/28/2021,14,27315,28404,27926,611
SWPP,2/28/2021 3 p.m. CST,2/28/2021,15,26933,28168,27633,700
SWPP,2/28/2021 4 p.m. CST,2/28/2021,16,26721,28086,27454,733
SWPP,2/28/2021 5 p.m. CST,2/28/2021,17,26913,28312,27639,726
SWPP,2/28/2021 6 p.m. CST,2/28/2021,18,27481,28878,28195,714
SWPP,2/28/2021 7 p.m. CST,2/28/2021,19,28710,29570,29503,792
SWPP,2/28/2021 8 p.m. CST,2/28/2021,20,29357,29859,30142,785
SWPP,2/28/2021 9 p.m. CST,2/28/2021,21,29235,29734,29934,699
SWPP,2/28/2021 10 p.m. CST,2/28/2021,22,28652,29189,29162,510
SWPP,2/28/2021 11 p.m. CST,2/28/2021,23,27805,28291,28277,472
SWPP,3/1/2021 12 a.m. CST,3/1/2021,0,26958,27373,27648,690